,original,summary_300,summary_100,summary_25,sentence,seed,regenerated_from_seed
original,1.0000000000000007,0.6740159346749421,0.6486055408678462,0.5594309949679199,0.6630442573454377,0.6174113770305104,0.6151336894917374
summary_300,0.6740159346749421,1.0000000000000004,0.9049191014252026,0.8555430732143792,0.7866375979435491,0.8834009584575682,0.8288189718125039
summary_100,0.6486055408678462,0.9049191014252026,1.0000000000000004,0.8347633431680688,0.8169522724934454,0.8862321785813423,0.8090132184102511
summary_25,0.5594309949679199,0.8555430732143792,0.8347633431680688,1.0000000000000007,0.7688508871530416,0.8455033709348233,0.7568403262460208
sentence,0.6630442573454377,0.7866375979435491,0.8169522724934454,0.7688508871530416,1.0000000000000009,0.8395020993637567,0.7862731002995691
seed,0.6174113770305104,0.8834009584575682,0.8862321785813423,0.8455033709348233,0.8395020993637567,1.0000000000000007,0.8261240529934889
regenerated_from_seed,0.6151336894917374,0.8288189718125039,0.8090132184102511,0.7568403262460208,0.7862731002995691,0.8261240529934889,1.0000000000000002
